{
"id":"contents",
"tableOfContents":[
,
{
"level":"1",
"title":"Psalms",
"verseId":"PS0_0"
},
{
"level":"2",
"title":"1",
"verseId":"PS1_0"
},
{
"level":"1",
"title":"BOOK 1",
"verseId":"PS1_0"
},
{
"level":"2",
"title":"2",
"verseId":"PS2_0"
},
{
"level":"2",
"title":"3",
"verseId":"PS3_0"
},
{
"level":"2",
"title":"A Psalm by David, when he fled from Absalom his son.",
"verseId":"PS3_0"
},
{
"level":"2",
"title":"4",
"verseId":"PS4_0"
},
{
"level":"2",
"title":"For the Chief Musician; on stringed instruments. A Psalm by David.",
"verseId":"PS4_0"
},
{
"level":"2",
"title":"5",
"verseId":"PS5_0"
},
{
"level":"2",
"title":"For the Chief Musician, with the flutes. A Psalm by David.",
"verseId":"PS5_0"
},
{
"level":"2",
"title":"6",
"verseId":"PS6_0"
},
{
"level":"2",
"title":"For the Chief Musician; on stringed instruments, upon the eight-stringed lyre. A Psalm by David.",
"verseId":"PS6_0"
},
{
"level":"2",
"title":"7",
"verseId":"PS7_0"
},
{
"level":"2",
"title":"A meditation by David, which he sang to Yahweh, concerning the words of Cush, the Benjamite.",
"verseId":"PS7_0"
},
{
"level":"2",
"title":"8",
"verseId":"PS8_0"
},
{
"level":"2",
"title":"For the Chief Musician; on an instrument of Gath. A Psalm by David.",
"verseId":"PS8_0"
},
{
"level":"2",
"title":"9",
"verseId":"PS9_0"
},
{
"level":"2",
"title":"For the Chief Musician. Set to “The Death of the Son.” A Psalm by David.",
"verseId":"PS9_0"
},
{
"level":"2",
"title":"10",
"verseId":"PS10_0"
},
{
"level":"2",
"title":"11",
"verseId":"PS11_0"
},
{
"level":"2",
"title":"For the Chief Musician. By David.",
"verseId":"PS11_0"
},
{
"level":"2",
"title":"12",
"verseId":"PS12_0"
},
{
"level":"2",
"title":"For the Chief Musician; upon an eight-stringed lyre. A Psalm of David.",
"verseId":"PS12_0"
},
{
"level":"2",
"title":"13",
"verseId":"PS13_0"
},
{
"level":"2",
"title":"For the Chief Musician. A Psalm by David.",
"verseId":"PS13_0"
},
{
"level":"2",
"title":"14",
"verseId":"PS14_0"
},
{
"level":"2",
"title":"For the Chief Musician. By David.",
"verseId":"PS14_0"
},
{
"level":"2",
"title":"15",
"verseId":"PS15_0"
},
{
"level":"2",
"title":"A Psalm by David.",
"verseId":"PS15_0"
},
{
"level":"2",
"title":"16",
"verseId":"PS16_0"
},
{
"level":"2",
"title":"A Poem by David.",
"verseId":"PS16_0"
},
{
"level":"2",
"title":"17",
"verseId":"PS17_0"
},
{
"level":"2",
"title":"A Prayer by David.",
"verseId":"PS17_0"
},
{
"level":"2",
"title":"18",
"verseId":"PS18_0"
},
{
"level":"2",
"title":"For the Chief Musician. By David the servant of Yahweh, who spoke to Yahweh the words of this song in the day that Yahweh delivered him from the hand of all his enemies, and from the hand of Saul. He said,",
"verseId":"PS18_0"
},
{
"level":"2",
"title":"19",
"verseId":"PS19_0"
},
{
"level":"2",
"title":"For the Chief Musician. A Psalm by David.",
"verseId":"PS19_0"
},
{
"level":"2",
"title":"20",
"verseId":"PS20_0"
},
{
"level":"2",
"title":"For the Chief Musician. A Psalm by David.",
"verseId":"PS20_0"
},
{
"level":"2",
"title":"21",
"verseId":"PS21_0"
},
{
"level":"2",
"title":"For the Chief Musician. A Psalm by David.",
"verseId":"PS21_0"
},
{
"level":"2",
"title":"22",
"verseId":"PS22_0"
},
{
"level":"2",
"title":"For the Chief Musician; set to “The Doe of the Morning.” A Psalm by David.",
"verseId":"PS22_0"
},
{
"level":"2",
"title":"23",
"verseId":"PS23_0"
},
{
"level":"2",
"title":"A Psalm by David.",
"verseId":"PS23_0"
},
{
"level":"2",
"title":"24",
"verseId":"PS24_0"
},
{
"level":"2",
"title":"A Psalm by David.",
"verseId":"PS24_0"
},
{
"level":"2",
"title":"25",
"verseId":"PS25_0"
},
{
"level":"2",
"title":"By David.",
"verseId":"PS25_0"
},
{
"level":"2",
"title":"26",
"verseId":"PS26_0"
},
{
"level":"2",
"title":"By David.",
"verseId":"PS26_0"
},
{
"level":"2",
"title":"27",
"verseId":"PS27_0"
},
{
"level":"2",
"title":"By David.",
"verseId":"PS27_0"
},
{
"level":"2",
"title":"28",
"verseId":"PS28_0"
},
{
"level":"2",
"title":"By David.",
"verseId":"PS28_0"
},
{
"level":"2",
"title":"29",
"verseId":"PS29_0"
},
{
"level":"2",
"title":"A Psalm by David.",
"verseId":"PS29_0"
},
{
"level":"2",
"title":"30",
"verseId":"PS30_0"
},
{
"level":"2",
"title":"A Psalm. A Song for the Dedication of the Temple. By David.",
"verseId":"PS30_0"
},
{
"level":"2",
"title":"31",
"verseId":"PS31_0"
},
{
"level":"2",
"title":"For the Chief Musician. A Psalm by David.",
"verseId":"PS31_0"
},
{
"level":"2",
"title":"32",
"verseId":"PS32_0"
},
{
"level":"2",
"title":"By David. A contemplative psalm.",
"verseId":"PS32_0"
},
{
"level":"2",
"title":"33",
"verseId":"PS33_0"
},
{
"level":"2",
"title":"34",
"verseId":"PS34_0"
},
{
"level":"2",
"title":"By David; when he pretended to be insane before Abimelech, who drove him away, and he departed.",
"verseId":"PS34_0"
},
{
"level":"2",
"title":"35",
"verseId":"PS35_0"
},
{
"level":"2",
"title":"By David.",
"verseId":"PS35_0"
},
{
"level":"2",
"title":"36",
"verseId":"PS36_0"
},
{
"level":"2",
"title":"For the Chief Musician. By David, the servant of Yahweh.",
"verseId":"PS36_0"
},
{
"level":"2",
"title":"37",
"verseId":"PS37_0"
},
{
"level":"2",
"title":"By David.",
"verseId":"PS37_0"
},
{
"level":"2",
"title":"38",
"verseId":"PS38_0"
},
{
"level":"2",
"title":"A Psalm by David, for a memorial.",
"verseId":"PS38_0"
},
{
"level":"2",
"title":"39",
"verseId":"PS39_0"
},
{
"level":"2",
"title":"For the Chief Musician. For Jeduthun. A Psalm by David.",
"verseId":"PS39_0"
},
{
"level":"2",
"title":"40",
"verseId":"PS40_0"
},
{
"level":"2",
"title":"For the Chief Musician. A Psalm by David.",
"verseId":"PS40_0"
},
{
"level":"2",
"title":"41",
"verseId":"PS41_0"
},
{
"level":"2",
"title":"For the Chief Musician. A Psalm by David.",
"verseId":"PS41_0"
},
{
"level":"2",
"title":"42",
"verseId":"PS42_0"
},
{
"level":"1",
"title":"BOOK 2",
"verseId":"PS42_0"
},
{
"level":"2",
"title":"For the Chief Musician. A contemplation by the sons of Korah.",
"verseId":"PS42_0"
},
{
"level":"2",
"title":"43",
"verseId":"PS43_0"
},
{
"level":"2",
"title":"44",
"verseId":"PS44_0"
},
{
"level":"2",
"title":"For the Chief Musician. By the sons of Korah. A contemplative psalm.",
"verseId":"PS44_0"
},
{
"level":"2",
"title":"45",
"verseId":"PS45_0"
},
{
"level":"2",
"title":"For the Chief Musician. Set to “The Lilies.” A contemplation by the sons of Korah. A wedding song.",
"verseId":"PS45_0"
},
{
"level":"2",
"title":"46",
"verseId":"PS46_0"
},
{
"level":"2",
"title":"For the Chief Musician. By the sons of Korah. According to Alamoth. 46:0 Alamoth is a musical term.",
"verseId":"PS46_0"
},
{
"level":"2",
"title":"47",
"verseId":"PS47_0"
},
{
"level":"2",
"title":"For the Chief Musician. A Psalm by the sons of Korah.",
"verseId":"PS47_0"
},
{
"level":"2",
"title":"48",
"verseId":"PS48_0"
},
{
"level":"2",
"title":"A Song. A Psalm by the sons of Korah.",
"verseId":"PS48_0"
},
{
"level":"2",
"title":"49",
"verseId":"PS49_0"
},
{
"level":"2",
"title":"For the Chief Musician. A Psalm by the sons of Korah.",
"verseId":"PS49_0"
},
{
"level":"2",
"title":"50",
"verseId":"PS50_0"
},
{
"level":"2",
"title":"A Psalm by Asaph.",
"verseId":"PS50_0"
},
{
"level":"2",
"title":"51",
"verseId":"PS51_0"
},
{
"level":"2",
"title":"For the Chief Musician. A Psalm by David, when Nathan the prophet came to him, after he had gone in to Bathsheba.",
"verseId":"PS51_0"
},
{
"level":"2",
"title":"52",
"verseId":"PS52_0"
},
{
"level":"2",
"title":"For the Chief Musician. A contemplation by David, when Doeg the Edomite came and told Saul, “David has come to Ahimelech’s house.”",
"verseId":"PS52_0"
},
{
"level":"2",
"title":"53",
"verseId":"PS53_0"
},
{
"level":"2",
"title":"For the Chief Musician. To the tune of “Mahalath.” A contemplation by David.",
"verseId":"PS53_0"
},
{
"level":"2",
"title":"54",
"verseId":"PS54_0"
},
{
"level":"2",
"title":"For the Chief Musician. On stringed instruments. A contemplation by David, when the Ziphites came and said to Saul, “Isn’t David hiding himself among us?”",
"verseId":"PS54_0"
},
{
"level":"2",
"title":"55",
"verseId":"PS55_0"
},
{
"level":"2",
"title":"For the Chief Musician. On stringed instruments. A contemplation by David.",
"verseId":"PS55_0"
},
{
"level":"2",
"title":"56",
"verseId":"PS56_0"
},
{
"level":"2",
"title":"For the Chief Musician. To the tune of “Silent Dove in Distant Lands.” A poem by David, when the Philistines seized him in Gath.",
"verseId":"PS56_0"
},
{
"level":"2",
"title":"57",
"verseId":"PS57_0"
},
{
"level":"2",
"title":"For the Chief Musician. To the tune of “Do Not Destroy.” A poem by David, when he fled from Saul, in the cave.",
"verseId":"PS57_0"
},
{
"level":"2",
"title":"58",
"verseId":"PS58_0"
},
{
"level":"2",
"title":"For the Chief Musician. To the tune of “Do Not Destroy.” A poem by David.",
"verseId":"PS58_0"
},
{
"level":"2",
"title":"59",
"verseId":"PS59_0"
},
{
"level":"2",
"title":"For the Chief Musician. To the tune of “Do Not Destroy.” A poem by David, when Saul sent, and they watched the house to kill him.",
"verseId":"PS59_0"
},
{
"level":"2",
"title":"60",
"verseId":"PS60_0"
},
{
"level":"2",
"title":"For the Chief Musician. To the tune of “The Lily of the Covenant.” A teaching poem by David, when he fought with Aram Naharaim and with Aram Zobah, and Joab returned, and killed twelve thousand of Edom in the Valley of Salt.",
"verseId":"PS60_0"
},
{
"level":"2",
"title":"61",
"verseId":"PS61_0"
},
{
"level":"2",
"title":"For the Chief Musician. For a stringed instrument. By David.",
"verseId":"PS61_0"
},
{
"level":"2",
"title":"62",
"verseId":"PS62_0"
},
{
"level":"2",
"title":"For the Chief Musician. To Jeduthun. A Psalm by David.",
"verseId":"PS62_0"
},
{
"level":"2",
"title":"63",
"verseId":"PS63_0"
},
{
"level":"2",
"title":"A Psalm by David, when he was in the desert of Judah.",
"verseId":"PS63_0"
},
{
"level":"2",
"title":"64",
"verseId":"PS64_0"
},
{
"level":"2",
"title":"For the Chief Musician. A Psalm by David.",
"verseId":"PS64_0"
},
{
"level":"2",
"title":"65",
"verseId":"PS65_0"
},
{
"level":"2",
"title":"For the Chief Musician. A Psalm by David. A song.",
"verseId":"PS65_0"
},
{
"level":"2",
"title":"66",
"verseId":"PS66_0"
},
{
"level":"2",
"title":"For the Chief Musician. A song. A Psalm.",
"verseId":"PS66_0"
},
{
"level":"2",
"title":"67",
"verseId":"PS67_0"
},
{
"level":"2",
"title":"For the Chief Musician. With stringed instruments. A Psalm. A song.",
"verseId":"PS67_0"
},
{
"level":"2",
"title":"68",
"verseId":"PS68_0"
},
{
"level":"2",
"title":"For the Chief Musician. A Psalm by David. A song.",
"verseId":"PS68_0"
},
{
"level":"2",
"title":"69",
"verseId":"PS69_0"
},
{
"level":"2",
"title":"For the Chief Musician. To the tune of “Lilies.” By David.",
"verseId":"PS69_0"
},
{
"level":"2",
"title":"70",
"verseId":"PS70_0"
},
{
"level":"2",
"title":"For the Chief Musician. By David. A reminder.",
"verseId":"PS70_0"
},
{
"level":"2",
"title":"71",
"verseId":"PS71_0"
},
{
"level":"2",
"title":"72",
"verseId":"PS72_0"
},
{
"level":"2",
"title":"By Solomon.",
"verseId":"PS72_0"
},
{
"level":"2",
"title":"73",
"verseId":"PS73_0"
},
{
"level":"1",
"title":"BOOK 3",
"verseId":"PS73_0"
},
{
"level":"2",
"title":"A Psalm by Asaph.",
"verseId":"PS73_0"
},
{
"level":"2",
"title":"74",
"verseId":"PS74_0"
},
{
"level":"2",
"title":"A contemplation by Asaph.",
"verseId":"PS74_0"
},
{
"level":"2",
"title":"75",
"verseId":"PS75_0"
},
{
"level":"2",
"title":"For the Chief Musician. To the tune of “Do Not Destroy.” A Psalm by Asaph. A song.",
"verseId":"PS75_0"
},
{
"level":"2",
"title":"76",
"verseId":"PS76_0"
},
{
"level":"2",
"title":"For the Chief Musician. On stringed instruments. A Psalm by Asaph. A song.",
"verseId":"PS76_0"
},
{
"level":"2",
"title":"77",
"verseId":"PS77_0"
},
{
"level":"2",
"title":"For the Chief Musician. To Jeduthun. A Psalm by Asaph.",
"verseId":"PS77_0"
},
{
"level":"2",
"title":"78",
"verseId":"PS78_0"
},
{
"level":"2",
"title":"A contemplation by Asaph.",
"verseId":"PS78_0"
},
{
"level":"2",
"title":"79",
"verseId":"PS79_0"
},
{
"level":"2",
"title":"A Psalm by Asaph.",
"verseId":"PS79_0"
},
{
"level":"2",
"title":"80",
"verseId":"PS80_0"
},
{
"level":"2",
"title":"For the Chief Musician. To the tune of “The Lilies of the Covenant.” A Psalm by Asaph.",
"verseId":"PS80_0"
},
{
"level":"2",
"title":"81",
"verseId":"PS81_0"
},
{
"level":"2",
"title":"For the Chief Musician. On an instrument of Gath. By Asaph.",
"verseId":"PS81_0"
},
{
"level":"2",
"title":"82",
"verseId":"PS82_0"
},
{
"level":"2",
"title":"A Psalm by Asaph.",
"verseId":"PS82_0"
},
{
"level":"2",
"title":"83",
"verseId":"PS83_0"
},
{
"level":"2",
"title":"A song. A Psalm by Asaph.",
"verseId":"PS83_0"
},
{
"level":"2",
"title":"84",
"verseId":"PS84_0"
},
{
"level":"2",
"title":"For the Chief Musician. On an instrument of Gath. A Psalm by the sons of Korah.",
"verseId":"PS84_0"
},
{
"level":"2",
"title":"85",
"verseId":"PS85_0"
},
{
"level":"2",
"title":"For the Chief Musician. A Psalm by the sons of Korah.",
"verseId":"PS85_0"
},
{
"level":"2",
"title":"86",
"verseId":"PS86_0"
},
{
"level":"2",
"title":"A Prayer by David.",
"verseId":"PS86_0"
},
{
"level":"2",
"title":"87",
"verseId":"PS87_0"
},
{
"level":"2",
"title":"A Psalm by the sons of Korah; a Song.",
"verseId":"PS87_0"
},
{
"level":"2",
"title":"88",
"verseId":"PS88_0"
},
{
"level":"2",
"title":"A Song. A Psalm by the sons of Korah. For the Chief Musician. To the tune of “The Suffering of Affliction.” A contemplation by Heman, the Ezrahite.",
"verseId":"PS88_0"
},
{
"level":"2",
"title":"89",
"verseId":"PS89_0"
},
{
"level":"2",
"title":"A contemplation by Ethan, the Ezrahite.",
"verseId":"PS89_0"
},
{
"level":"2",
"title":"90",
"verseId":"PS90_0"
},
{
"level":"1",
"title":"BOOK 4",
"verseId":"PS90_0"
},
{
"level":"2",
"title":"A Prayer by Moses, the man of God.90:0 The Hebrew word rendered “God” is “אֱלֹהִ֑ים” (Elohim).",
"verseId":"PS90_0"
},
{
"level":"2",
"title":"91",
"verseId":"PS91_0"
},
{
"level":"2",
"title":"92",
"verseId":"PS92_0"
},
{
"level":"2",
"title":"A Psalm. A song for the Sabbath day.",
"verseId":"PS92_0"
},
{
"level":"2",
"title":"93",
"verseId":"PS93_0"
},
{
"level":"2",
"title":"94",
"verseId":"PS94_0"
},
{
"level":"2",
"title":"95",
"verseId":"PS95_0"
},
{
"level":"2",
"title":"96",
"verseId":"PS96_0"
},
{
"level":"2",
"title":"97",
"verseId":"PS97_0"
},
{
"level":"2",
"title":"98",
"verseId":"PS98_0"
},
{
"level":"2",
"title":"A Psalm.",
"verseId":"PS98_0"
},
{
"level":"2",
"title":"99",
"verseId":"PS99_0"
},
{
"level":"2",
"title":"100",
"verseId":"PS100_0"
},
{
"level":"2",
"title":"A Psalm of thanksgiving.",
"verseId":"PS100_0"
},
{
"level":"2",
"title":"101",
"verseId":"PS101_0"
},
{
"level":"2",
"title":"A Psalm by David.",
"verseId":"PS101_0"
},
{
"level":"2",
"title":"102",
"verseId":"PS102_0"
},
{
"level":"2",
"title":"A Prayer of the afflicted, when he is overwhelmed and pours out his complaint before Yahweh.",
"verseId":"PS102_0"
},
{
"level":"2",
"title":"103",
"verseId":"PS103_0"
},
{
"level":"2",
"title":"By David.",
"verseId":"PS103_0"
},
{
"level":"2",
"title":"104",
"verseId":"PS104_0"
},
{
"level":"2",
"title":"105",
"verseId":"PS105_0"
},
{
"level":"2",
"title":"106",
"verseId":"PS106_0"
},
{
"level":"2",
"title":"107",
"verseId":"PS107_0"
},
{
"level":"1",
"title":"BOOK 5",
"verseId":"PS107_0"
},
{
"level":"2",
"title":"108",
"verseId":"PS108_0"
},
{
"level":"2",
"title":"A Song. A Psalm by David.",
"verseId":"PS108_0"
},
{
"level":"2",
"title":"109",
"verseId":"PS109_0"
},
{
"level":"2",
"title":"For the Chief Musician. A Psalm by David.",
"verseId":"PS109_0"
},
{
"level":"2",
"title":"110",
"verseId":"PS110_0"
},
{
"level":"2",
"title":"A Psalm by David.",
"verseId":"PS110_0"
},
{
"level":"2",
"title":"111",
"verseId":"PS111_0"
},
{
"level":"2",
"title":"112",
"verseId":"PS112_0"
},
{
"level":"2",
"title":"113",
"verseId":"PS113_0"
},
{
"level":"2",
"title":"114",
"verseId":"PS114_0"
},
{
"level":"2",
"title":"115",
"verseId":"PS115_0"
},
{
"level":"2",
"title":"116",
"verseId":"PS116_0"
},
{
"level":"2",
"title":"117",
"verseId":"PS117_0"
},
{
"level":"2",
"title":"118",
"verseId":"PS118_0"
},
{
"level":"2",
"title":"119",
"verseId":"PS119_0"
},
{
"level":"2",
"title":"ALEPH",
"verseId":"PS119_0"
},
{
"level":"2",
"title":"BET",
"verseId":"PS119_8"
},
{
"level":"2",
"title":"GIMEL",
"verseId":"PS119_16"
},
{
"level":"2",
"title":"DALED",
"verseId":"PS119_24"
},
{
"level":"2",
"title":"HEY",
"verseId":"PS119_32"
},
{
"level":"2",
"title":"WAW",
"verseId":"PS119_40"
},
{
"level":"2",
"title":"ZAYIN",
"verseId":"PS119_48"
},
{
"level":"2",
"title":"CHET",
"verseId":"PS119_56"
},
{
"level":"2",
"title":"TET",
"verseId":"PS119_64"
},
{
"level":"2",
"title":"YUD",
"verseId":"PS119_72"
},
{
"level":"2",
"title":"KAF",
"verseId":"PS119_80"
},
{
"level":"2",
"title":"LAMED",
"verseId":"PS119_88"
},
{
"level":"2",
"title":"MEM",
"verseId":"PS119_96"
},
{
"level":"2",
"title":"NUN",
"verseId":"PS119_104"
},
{
"level":"2",
"title":"SAMEKH",
"verseId":"PS119_112"
},
{
"level":"2",
"title":"AYIN",
"verseId":"PS119_120"
},
{
"level":"2",
"title":"PEY",
"verseId":"PS119_128"
},
{
"level":"2",
"title":"TZADI",
"verseId":"PS119_136"
},
{
"level":"2",
"title":"KUF",
"verseId":"PS119_144"
},
{
"level":"2",
"title":"RESH",
"verseId":"PS119_152"
},
{
"level":"2",
"title":"SIN AND SHIN",
"verseId":"PS119_160"
},
{
"level":"2",
"title":"TAV",
"verseId":"PS119_168"
},
{
"level":"2",
"title":"120",
"verseId":"PS120_0"
},
{
"level":"2",
"title":"A Song of Ascents.",
"verseId":"PS120_0"
},
{
"level":"2",
"title":"121",
"verseId":"PS121_0"
},
{
"level":"2",
"title":"A Song of Ascents.",
"verseId":"PS121_0"
},
{
"level":"2",
"title":"122",
"verseId":"PS122_0"
},
{
"level":"2",
"title":"A Song of Ascents. By David.",
"verseId":"PS122_0"
},
{
"level":"2",
"title":"123",
"verseId":"PS123_0"
},
{
"level":"2",
"title":"A Song of Ascents.",
"verseId":"PS123_0"
},
{
"level":"2",
"title":"124",
"verseId":"PS124_0"
},
{
"level":"2",
"title":"A Song of Ascents. By David.",
"verseId":"PS124_0"
},
{
"level":"2",
"title":"125",
"verseId":"PS125_0"
},
{
"level":"2",
"title":"A Song of Ascents.",
"verseId":"PS125_0"
},
{
"level":"2",
"title":"126",
"verseId":"PS126_0"
},
{
"level":"2",
"title":"A Song of Ascents.",
"verseId":"PS126_0"
},
{
"level":"2",
"title":"127",
"verseId":"PS127_0"
},
{
"level":"2",
"title":"A Song of Ascents. By Solomon.",
"verseId":"PS127_0"
},
{
"level":"2",
"title":"128",
"verseId":"PS128_0"
},
{
"level":"2",
"title":"A Song of Ascents.",
"verseId":"PS128_0"
},
{
"level":"2",
"title":"129",
"verseId":"PS129_0"
},
{
"level":"2",
"title":"A Song of Ascents.",
"verseId":"PS129_0"
},
{
"level":"2",
"title":"130",
"verseId":"PS130_0"
},
{
"level":"2",
"title":"A Song of Ascents.",
"verseId":"PS130_0"
},
{
"level":"2",
"title":"131",
"verseId":"PS131_0"
},
{
"level":"2",
"title":"A Song of Ascents. By David.",
"verseId":"PS131_0"
},
{
"level":"2",
"title":"132",
"verseId":"PS132_0"
},
{
"level":"2",
"title":"A Song of Ascents.",
"verseId":"PS132_0"
},
{
"level":"2",
"title":"133",
"verseId":"PS133_0"
},
{
"level":"2",
"title":"A Song of Ascents. By David.",
"verseId":"PS133_0"
},
{
"level":"2",
"title":"134",
"verseId":"PS134_0"
},
{
"level":"2",
"title":"A Song of Ascents.",
"verseId":"PS134_0"
},
{
"level":"2",
"title":"135",
"verseId":"PS135_0"
},
{
"level":"2",
"title":"136",
"verseId":"PS136_0"
},
{
"level":"2",
"title":"137",
"verseId":"PS137_0"
},
{
"level":"2",
"title":"138",
"verseId":"PS138_0"
},
{
"level":"2",
"title":"By David.",
"verseId":"PS138_0"
},
{
"level":"2",
"title":"139",
"verseId":"PS139_0"
},
{
"level":"2",
"title":"For the Chief Musician. A Psalm by David.",
"verseId":"PS139_0"
},
{
"level":"2",
"title":"140",
"verseId":"PS140_0"
},
{
"level":"2",
"title":"For the Chief Musician. A Psalm by David.",
"verseId":"PS140_0"
},
{
"level":"2",
"title":"141",
"verseId":"PS141_0"
},
{
"level":"2",
"title":"A Psalm by David.",
"verseId":"PS141_0"
},
{
"level":"2",
"title":"142",
"verseId":"PS142_0"
},
{
"level":"2",
"title":"A contemplation by David, when he was in the cave. A Prayer.",
"verseId":"PS142_0"
},
{
"level":"2",
"title":"143",
"verseId":"PS143_0"
},
{
"level":"2",
"title":"A Psalm by David.",
"verseId":"PS143_0"
},
{
"level":"2",
"title":"144",
"verseId":"PS144_0"
},
{
"level":"2",
"title":"By David.",
"verseId":"PS144_0"
},
{
"level":"2",
"title":"145",
"verseId":"PS145_0"
},
{
"level":"2",
"title":"A praise psalm by David.145:0 This is an acrostic psalm, with every verse (including the second half of verse 13) starting with a consecutive letter of the Hebrew alphabet.",
"verseId":"PS145_0"
},
{
"level":"2",
"title":"146",
"verseId":"PS146_0"
},
{
"level":"2",
"title":"147",
"verseId":"PS147_0"
},
{
"level":"2",
"title":"148",
"verseId":"PS148_0"
},
{
"level":"2",
"title":"149",
"verseId":"PS149_0"
},
{
"level":"2",
"title":"150",
"verseId":"PS150_0"
}
]
}
