{"id":"english_web","abbr":"WEB","name":"World English Bible","nameEnglish":"English","lang":"eng","langName":"English","langNameEnglish":"English","nativeLang":"English","dir":"ltr","generator":"usfm","lang_2_code":"en","type":"bible","divisions":["GN","EX","LV","NU","DT","JS","JG","RT","S1","S2","K1","K2","R1","R2","ER","NH","ET","JB","PS","PR","EC","SS","IS","JR","LM","EK","DN","HS","JL","AM","OB","JH","MC","NM","HK","ZP","HG","ZC","ML","MT","MK","LK","JN","AC","RM","C1","C2","GL","EP","PP","CL","H1","H2","T1","T2","TT","PM","HB","JM","P1","P2","J1","J2","J3","JD","RV"],"divisionNames":["Genesis","Exodus","Leviticus","Numbers","Deuteronomy","Joshua","Judges","Ruth","1 Samuel","2 Samuel","1 Kings","2 Kings","1 Chronicles","2 Chronicles","Ezra","Nehemiah","Esther","Job","Psalms","Proverbs","Ecclesiastes","Song of Songs","Isaiah","Jeremiah","Lamentations","Ezekiel","Daniel","Hosea","Joel","Amos","Obadiah","Jonah","Micah","Nahum","Habakkuk","Zephaniah","Haggai","Zechariah","Malachi","Matthew","Mark","Luke","John","Acts","Romans","1 Corinthians","2 Corinthians","Galatians","Ephesians","Philippians","Colossians","1 Thessalonians","2 Thessalonians","1 Timothy","2 Timothy","Titus","Philemon","Hebrews","James","1 Peter","2 Peter","1 John","2 John","3 John","Jude","Revelation"],"divisionAbbreviations":["Gen","Exo","Lev","Num","Deu","Jos","Jdg","Rut","1Sa","2Sa","Ki","Ki","1Ch","2Ch","Ezr","Neh","Est","Job","Psa","Pro","Ecc","Sng","Isa","Jer","Lam","Ezk","Dan","Hos","Jol","Amo","Oba","Jon","Mic","Nam","Hab","Zep","Hag","Zec","Mal","Mat","Mrk","Luk","Jhn","Act","Rom","1Co","2Co","Gal","Eph","Php","Col","1Th","2Th","1Ti","2Ti","Tit","Phm","Heb","Jas","1Pe","2Pe","1Jn","2Jn","3Jn","Jude","Rev"],"sections":["GN1","GN2","GN3","GN4","GN5","GN6","GN7","GN8","GN9","GN10","GN11","GN12","GN13","GN14","GN15","GN16","GN17","GN18","GN19","GN20","GN21","GN22","GN23","GN24","GN25","GN26","GN27","GN28","GN29","GN30","GN31","GN32","GN33","GN34","GN35","GN36","GN37","GN38","GN39","GN40","GN41","GN42","GN43","GN44","GN45","GN46","GN47","GN48","GN49","GN50","EX1","EX2","EX3","EX4","EX5","EX6","EX7","EX8","EX9","EX10","EX11","EX12","EX13","EX14","EX15","EX16","EX17","EX18","EX19","EX20","EX21","EX22","EX23","EX24","EX25","EX26","EX27","EX28","EX29","EX30","EX31","EX32","EX33","EX34","EX35","EX36","EX37","EX38","EX39","EX40","LV1","LV2","LV3","LV4","LV5","LV6","LV7","LV8","LV9","LV10","LV11","LV12","LV13","LV14","LV15","LV16","LV17","LV18","LV19","LV20","LV21","LV22","LV23","LV24","LV25","LV26","LV27","NU1","NU2","NU3","NU4","NU5","NU6","NU7","NU8","NU9","NU10","NU11","NU12","NU13","NU14","NU15","NU16","NU17","NU18","NU19","NU20","NU21","NU22","NU23","NU24","NU25","NU26","NU27","NU28","NU29","NU30","NU31","NU32","NU33","NU34","NU35","NU36","DT1","DT2","DT3","DT4","DT5","DT6","DT7","DT8","DT9","DT10","DT11","DT12","DT13","DT14","DT15","DT16","DT17","DT18","DT19","DT20","DT21","DT22","DT23","DT24","DT25","DT26","DT27","DT28","DT29","DT30","DT31","DT32","DT33","DT34","JS1","JS2","JS3","JS4","JS5","JS6","JS7","JS8","JS9","JS10","JS11","JS12","JS13","JS14","JS15","JS16","JS17","JS18","JS19","JS20","JS21","JS22","JS23","JS24","JG1","JG2","JG3","JG4","JG5","JG6","JG7","JG8","JG9","JG10","JG11","JG12","JG13","JG14","JG15","JG16","JG17","JG18","JG19","JG20","JG21","RT1","RT2","RT3","RT4","S11","S12","S13","S14","S15","S16","S17","S18","S19","S110","S111","S112","S113","S114","S115","S116","S117","S118","S119","S120","S121","S122","S123","S124","S125","S126","S127","S128","S129","S130","S131","S21","S22","S23","S24","S25","S26","S27","S28","S29","S210","S211","S212","S213","S214","S215","S216","S217","S218","S219","S220","S221","S222","S223","S224","K11","K12","K13","K14","K15","K16","K17","K18","K19","K110","K111","K112","K113","K114","K115","K116","K117","K118","K119","K120","K121","K122","K21","K22","K23","K24","K25","K26","K27","K28","K29","K210","K211","K212","K213","K214","K215","K216","K217","K218","K219","K220","K221","K222","K223","K224","K225","R11","R12","R13","R14","R15","R16","R17","R18","R19","R110","R111","R112","R113","R114","R115","R116","R117","R118","R119","R120","R121","R122","R123","R124","R125","R126","R127","R128","R129","R21","R22","R23","R24","R25","R26","R27","R28","R29","R210","R211","R212","R213","R214","R215","R216","R217","R218","R219","R220","R221","R222","R223","R224","R225","R226","R227","R228","R229","R230","R231","R232","R233","R234","R235","R236","ER1","ER2","ER3","ER4","ER5","ER6","ER7","ER8","ER9","ER10","NH1","NH2","NH3","NH4","NH5","NH6","NH7","NH8","NH9","NH10","NH11","NH12","NH13","ET1","ET2","ET3","ET4","ET5","ET6","ET7","ET8","ET9","ET10","JB1","JB2","JB3","JB4","JB5","JB6","JB7","JB8","JB9","JB10","JB11","JB12","JB13","JB14","JB15","JB16","JB17","JB18","JB19","JB20","JB21","JB22","JB23","JB24","JB25","JB26","JB27","JB28","JB29","JB30","JB31","JB32","JB33","JB34","JB35","JB36","JB37","JB38","JB39","JB40","JB41","JB42","PS1","PS2","PS3","PS4","PS5","PS6","PS7","PS8","PS9","PS10","PS11","PS12","PS13","PS14","PS15","PS16","PS17","PS18","PS19","PS20","PS21","PS22","PS23","PS24","PS25","PS26","PS27","PS28","PS29","PS30","PS31","PS32","PS33","PS34","PS35","PS36","PS37","PS38","PS39","PS40","PS41","PS42","PS43","PS44","PS45","PS46","PS47","PS48","PS49","PS50","PS51","PS52","PS53","PS54","PS55","PS56","PS57","PS58","PS59","PS60","PS61","PS62","PS63","PS64","PS65","PS66","PS67","PS68","PS69","PS70","PS71","PS72","PS73","PS74","PS75","PS76","PS77","PS78","PS79","PS80","PS81","PS82","PS83","PS84","PS85","PS86","PS87","PS88","PS89","PS90","PS91","PS92","PS93","PS94","PS95","PS96","PS97","PS98","PS99","PS100","PS101","PS102","PS103","PS104","PS105","PS106","PS107","PS108","PS109","PS110","PS111","PS112","PS113","PS114","PS115","PS116","PS117","PS118","PS119","PS120","PS121","PS122","PS123","PS124","PS125","PS126","PS127","PS128","PS129","PS130","PS131","PS132","PS133","PS134","PS135","PS136","PS137","PS138","PS139","PS140","PS141","PS142","PS143","PS144","PS145","PS146","PS147","PS148","PS149","PS150","PR1","PR2","PR3","PR4","PR5","PR6","PR7","PR8","PR9","PR10","PR11","PR12","PR13","PR14","PR15","PR16","PR17","PR18","PR19","PR20","PR21","PR22","PR23","PR24","PR25","PR26","PR27","PR28","PR29","PR30","PR31","EC1","EC2","EC3","EC4","EC5","EC6","EC7","EC8","EC9","EC10","EC11","EC12","SS1","SS2","SS3","SS4","SS5","SS6","SS7","SS8","IS1","IS2","IS3","IS4","IS5","IS6","IS7","IS8","IS9","IS10","IS11","IS12","IS13","IS14","IS15","IS16","IS17","IS18","IS19","IS20","IS21","IS22","IS23","IS24","IS25","IS26","IS27","IS28","IS29","IS30","IS31","IS32","IS33","IS34","IS35","IS36","IS37","IS38","IS39","IS40","IS41","IS42","IS43","IS44","IS45","IS46","IS47","IS48","IS49","IS50","IS51","IS52","IS53","IS54","IS55","IS56","IS57","IS58","IS59","IS60","IS61","IS62","IS63","IS64","IS65","IS66","JR1","JR2","JR3","JR4","JR5","JR6","JR7","JR8","JR9","JR10","JR11","JR12","JR13","JR14","JR15","JR16","JR17","JR18","JR19","JR20","JR21","JR22","JR23","JR24","JR25","JR26","JR27","JR28","JR29","JR30","JR31","JR32","JR33","JR34","JR35","JR36","JR37","JR38","JR39","JR40","JR41","JR42","JR43","JR44","JR45","JR46","JR47","JR48","JR49","JR50","JR51","JR52","LM1","LM2","LM3","LM4","LM5","EK1","EK2","EK3","EK4","EK5","EK6","EK7","EK8","EK9","EK10","EK11","EK12","EK13","EK14","EK15","EK16","EK17","EK18","EK19","EK20","EK21","EK22","EK23","EK24","EK25","EK26","EK27","EK28","EK29","EK30","EK31","EK32","EK33","EK34","EK35","EK36","EK37","EK38","EK39","EK40","EK41","EK42","EK43","EK44","EK45","EK46","EK47","EK48","DN1","DN2","DN3","DN4","DN5","DN6","DN7","DN8","DN9","DN10","DN11","DN12","HS1","HS2","HS3","HS4","HS5","HS6","HS7","HS8","HS9","HS10","HS11","HS12","HS13","HS14","JL1","JL2","JL3","AM1","AM2","AM3","AM4","AM5","AM6","AM7","AM8","AM9","OB1","JH1","JH2","JH3","JH4","MC1","MC2","MC3","MC4","MC5","MC6","MC7","NM1","NM2","NM3","HK1","HK2","HK3","ZP1","ZP2","ZP3","HG1","HG2","ZC1","ZC2","ZC3","ZC4","ZC5","ZC6","ZC7","ZC8","ZC9","ZC10","ZC11","ZC12","ZC13","ZC14","ML1","ML2","ML3","ML4","MT1","MT2","MT3","MT4","MT5","MT6","MT7","MT8","MT9","MT10","MT11","MT12","MT13","MT14","MT15","MT16","MT17","MT18","MT19","MT20","MT21","MT22","MT23","MT24","MT25","MT26","MT27","MT28","MK1","MK2","MK3","MK4","MK5","MK6","MK7","MK8","MK9","MK10","MK11","MK12","MK13","MK14","MK15","MK16","LK1","LK2","LK3","LK4","LK5","LK6","LK7","LK8","LK9","LK10","LK11","LK12","LK13","LK14","LK15","LK16","LK17","LK18","LK19","LK20","LK21","LK22","LK23","LK24","JN1","JN2","JN3","JN4","JN5","JN6","JN7","JN8","JN9","JN10","JN11","JN12","JN13","JN14","JN15","JN16","JN17","JN18","JN19","JN20","JN21","AC1","AC2","AC3","AC4","AC5","AC6","AC7","AC8","AC9","AC10","AC11","AC12","AC13","AC14","AC15","AC16","AC17","AC18","AC19","AC20","AC21","AC22","AC23","AC24","AC25","AC26","AC27","AC28","RM1","RM2","RM3","RM4","RM5","RM6","RM7","RM8","RM9","RM10","RM11","RM12","RM13","RM14","RM15","RM16","C11","C12","C13","C14","C15","C16","C17","C18","C19","C110","C111","C112","C113","C114","C115","C116","C21","C22","C23","C24","C25","C26","C27","C28","C29","C210","C211","C212","C213","GL1","GL2","GL3","GL4","GL5","GL6","EP1","EP2","EP3","EP4","EP5","EP6","PP1","PP2","PP3","PP4","CL1","CL2","CL3","CL4","H11","H12","H13","H14","H15","H21","H22","H23","T11","T12","T13","T14","T15","T16","T21","T22","T23","T24","TT1","TT2","TT3","PM1","HB1","HB2","HB3","HB4","HB5","HB6","HB7","HB8","HB9","HB10","HB11","HB12","HB13","JM1","JM2","JM3","JM4","JM5","P11","P12","P13","P14","P15","P21","P22","P23","J11","J12","J13","J14","J15","J21","J31","JD1","RV1","RV2","RV3","RV4","RV5","RV6","RV7","RV8","RV9","RV10","RV11","RV12","RV13","RV14","RV15","RV16","RV17","RV18","RV19","RV20","RV21","RV22"],"exts":"mp3"}